Prediction,True Value
104,104
104,104
104,104
104,104
104,104
104,104
104,104
104,104
104,104
1607,104
401,401
401,401
401,401
401,401
401,401
401,401
401,401
401,401
401,401
401,401
423,423
423,423
423,423
423,423
423,423
423,423
423,423
423,423
423,423
1331,423
486,486
410,486
486,486
486,486
486,486
486,486
486,486
486,486
486,486
486,486
517,517
517,517
517,517
517,517
517,517
517,517
517,517
517,517
517,517
517,517
523,523
523,523
523,523
523,523
523,523
523,523
523,523
523,523
523,523
523,523
719,719
719,719
719,719
719,719
719,719
719,719
719,719
719,719
719,719
719,719
762,762
762,762
762,762
762,762
762,762
762,762
762,762
762,762
762,762
6265,762
779,779
779,779
779,779
5794,779
5794,779
2164,779
779,779
779,779
5794,779
5441,779
953,953
953,953
953,953
953,953
953,953
953,953
953,953
953,953
953,953
953,953
1079,1079
1079,1079
1079,1079
1079,1079
1079,1079
1079,1079
1079,1079
1079,1079
1079,1079
1079,1079
1123,1123
1123,1123
1123,1123
1123,1123
1123,1123
1123,1123
1123,1123
1123,1123
1123,1123
1123,1123
1182,1182
1182,1182
1182,1182
1182,1182
7297,1182
1182,1182
1762,1182
1182,1182
1182,1182
1182,1182
1219,1219
1219,1219
1219,1219
1219,1219
1331,1219
1219,1219
1219,1219
3099,1219
1219,1219
1219,1219
1369,1369
1369,1369
1369,1369
1369,1369
1369,1369
1369,1369
1369,1369
1369,1369
1369,1369
1369,1369
1388,1388
1388,1388
1388,1388
1388,1388
1388,1388
1388,1388
1388,1388
1388,1388
1388,1388
1388,1388
1493,1493
1493,1493
1493,1493
1493,1493
1493,1493
1493,1493
3251,1493
3155,1493
8497,1493
1493,1493
1556,1556
1556,1556
1556,1556
1556,1556
1556,1556
1556,1556
1556,1556
1556,1556
1556,1556
1556,1556
1589,1589
1589,1589
1589,1589
1589,1589
1589,1589
1589,1589
1589,1589
1589,1589
1589,1589
1589,1589
1605,1605
1605,1605
1605,1605
1605,1605
1605,1605
1605,1605
1605,1605
1605,1605
1605,1605
2264,1605
1663,1663
1663,1663
1663,1663
1663,1663
1663,1663
1663,1663
1663,1663
1663,1663
1663,1663
1663,1663
1738,1738
1738,1738
1738,1738
1738,1738
1738,1738
1738,1738
1738,1738
1738,1738
1738,1738
1738,1738
1756,1756
1756,1756
1756,1756
1756,1756
1756,1756
1756,1756
1756,1756
1756,1756
1756,1756
1756,1756
1758,1758
1758,1758
1758,1758
1758,1758
1758,1758
1758,1758
1758,1758
1758,1758
1758,1758
7506,1758
1885,1885
1885,1885
1885,1885
1885,1885
1885,1885
1885,1885
7674,1885
1885,1885
1885,1885
1885,1885
1910,1910
1910,1910
1910,1910
1910,1910
1910,1910
1910,1910
1910,1910
1910,1910
1910,1910
1910,1910
2150,2150
2150,2150
2150,2150
2150,2150
2150,2150
2150,2150
2150,2150
2150,2150
7794,2150
2150,2150
2403,2403
2403,2403
2403,2403
2403,2403
2403,2403
2403,2403
2403,2403
2403,2403
2403,2403
2403,2403
2419,2419
2419,2419
2419,2419
2419,2419
2419,2419
2419,2419
2419,2419
2419,2419
2419,2419
6960,2419
2475,2475
2475,2475
2475,2475
2475,2475
2475,2475
2475,2475
2475,2475
2475,2475
2475,2475
2475,2475
2641,2641
2641,2641
2641,2641
2641,2641
2641,2641
2641,2641
2641,2641
2641,2641
2641,2641
2641,2641
2674,2674
2674,2674
2674,2674
2674,2674
2674,2674
2674,2674
2674,2674
2674,2674
2674,2674
2674,2674
2745,2745
2745,2745
2745,2745
2745,2745
2745,2745
2745,2745
2745,2745
4263,2745
2745,2745
2745,2745
2758,2758
2758,2758
2758,2758
2758,2758
2758,2758
2758,2758
2758,2758
2758,2758
2758,2758
2758,2758
2802,2802
2802,2802
2802,2802
7968,2802
2802,2802
2802,2802
2802,2802
2802,2802
2802,2802
2802,2802
2814,2814
2814,2814
2814,2814
2814,2814
2814,2814
2814,2814
2814,2814
2814,2814
2814,2814
2814,2814
2929,2929
2929,2929
2929,2929
2929,2929
2929,2929
2929,2929
2929,2929
2929,2929
2929,2929
2929,2929
3289,3289
3289,3289
3289,3289
3289,3289
3289,3289
3289,3289
3289,3289
3289,3289
3289,3289
3289,3289
3402,3402
3402,3402
3402,3402
3402,3402
3402,3402
3402,3402
3402,3402
3402,3402
3402,3402
3402,3402
3554,3554
3554,3554
3554,3554
3554,3554
3554,3554
3554,3554
3554,3554
3554,3554
3554,3554
3554,3554
3573,3573
3573,3573
3573,3573
3573,3573
3573,3573
3573,3573
3573,3573
3573,3573
3573,3573
3573,3573
3592,3592
3592,3592
3592,3592
3592,3592
3592,3592
3592,3592
3592,3592
3592,3592
3592,3592
1125,3592
3644,3644
3644,3644
3644,3644
3644,3644
3644,3644
3644,3644
3644,3644
3644,3644
3644,3644
3644,3644
3708,3708
3708,3708
3708,3708
3708,3708
3708,3708
3708,3708
3708,3708
3708,3708
3708,3708
3708,3708
3720,3720
3720,3720
3720,3720
3720,3720
3720,3720
3720,3720
3720,3720
3720,3720
3720,3720
3720,3720
3727,3727
3727,3727
3727,3727
3727,3727
3727,3727
3727,3727
3727,3727
3727,3727
3727,3727
3727,3727
3739,3739
3739,3739
3739,3739
3739,3739
3739,3739
3739,3739
3707,3739
3739,3739
3739,3739
3739,3739
3795,3795
3795,3795
3795,3795
3795,3795
3795,3795
3795,3795
3795,3795
3795,3795
3795,3795
3795,3795
3864,3864
4115,3864
3864,3864
3864,3864
3864,3864
3864,3864
3864,3864
4115,3864
3864,3864
3864,3864
3883,3883
3883,3883
3883,3883
3883,3883
3883,3883
3883,3883
3883,3883
3883,3883
3883,3883
3883,3883
3972,3972
3972,3972
3972,3972
3972,3972
3972,3972
3972,3972
3972,3972
3972,3972
3972,3972
3972,3972
3978,3978
3978,3978
3978,3978
1463,3978
3978,3978
3978,3978
3978,3978
3978,3978
3978,3978
3978,3978
4173,4173
4173,4173
4173,4173
4173,4173
4173,4173
4173,4173
4173,4173
4173,4173
4173,4173
4173,4173
4174,4174
4174,4174
4174,4174
7402,4174
4174,4174
4174,4174
4174,4174
8023,4174
4174,4174
7402,4174
4202,4202
4202,4202
4202,4202
4202,4202
4202,4202
6057,4202
4202,4202
4202,4202
4202,4202
4202,4202
4495,4495
4495,4495
4495,4495
4495,4495
4495,4495
4495,4495
4495,4495
4495,4495
4495,4495
4495,4495
4537,4537
4537,4537
4537,4537
4537,4537
4537,4537
4537,4537
4537,4537
4537,4537
4537,4537
4537,4537
4544,4544
4544,4544
4544,4544
4544,4544
4544,4544
4544,4544
4544,4544
4544,4544
6805,4544
4544,4544
4587,4587
4587,4587
4587,4587
4587,4587
4587,4587
4587,4587
4587,4587
4587,4587
4587,4587
4587,4587
4594,4594
4594,4594
4594,4594
4594,4594
4594,4594
4594,4594
4594,4594
4594,4594
4594,4594
4594,4594
4638,4638
4638,4638
4638,4638
4638,4638
4638,4638
4638,4638
4638,4638
4638,4638
4638,4638
4638,4638
4736,4736
4736,4736
4736,4736
4168,4736
4736,4736
4736,4736
4736,4736
8401,4736
4736,4736
415,4736
4781,4781
4781,4781
4228,4781
4781,4781
4781,4781
4781,4781
4781,4781
7701,4781
4781,4781
4781,4781
4782,4782
4782,4782
4782,4782
4782,4782
4782,4782
4782,4782
4782,4782
4782,4782
4782,4782
4782,4782
4784,4784
4784,4784
4784,4784
4784,4784
4784,4784
4784,4784
4784,4784
4784,4784
4784,4784
6367,4784
4988,4988
4988,4988
4988,4988
4988,4988
4988,4988
4988,4988
4988,4988
4988,4988
4988,4988
4988,4988
5053,5053
5053,5053
5053,5053
5053,5053
5053,5053
5053,5053
5053,5053
5053,5053
5053,5053
5053,5053
5404,5404
5404,5404
5404,5404
5404,5404
5404,5404
5404,5404
5404,5404
5404,5404
5404,5404
5404,5404
5420,5420
5420,5420
5420,5420
5420,5420
5420,5420
5420,5420
5420,5420
5420,5420
5420,5420
5420,5420
5567,5567
5567,5567
5567,5567
5567,5567
5567,5567
5567,5567
5567,5567
5567,5567
5567,5567
5567,5567
5784,5784
5784,5784
5784,5784
5784,5784
5784,5784
5784,5784
5784,5784
5784,5784
5784,5784
5784,5784
5836,5836
5836,5836
5836,5836
5836,5836
5836,5836
5836,5836
8617,5836
5836,5836
5836,5836
5836,5836
5896,5896
5896,5896
5896,5896
5896,5896
5896,5896
5896,5896
5896,5896
5896,5896
5896,5896
5896,5896
6096,6096
6096,6096
6096,6096
6096,6096
6096,6096
6096,6096
6096,6096
6547,6096
67,6096
6096,6096
6158,6158
6158,6158
6158,6158
6158,6158
6158,6158
6158,6158
6158,6158
6158,6158
6158,6158
6158,6158
6192,6192
6192,6192
6192,6192
6192,6192
6192,6192
6192,6192
6192,6192
6192,6192
6192,6192
6192,6192
6201,6201
6201,6201
6201,6201
6201,6201
6201,6201
6201,6201
6201,6201
6201,6201
6201,6201
6201,6201
6246,6246
6246,6246
6246,6246
6246,6246
6246,6246
6246,6246
6246,6246
6246,6246
6246,6246
6246,6246
6342,6342
6342,6342
6342,6342
6342,6342
6342,6342
6342,6342
6342,6342
6342,6342
6342,6342
6342,6342
6488,6488
6488,6488
6488,6488
6488,6488
6488,6488
6488,6488
6488,6488
6488,6488
6488,6488
6488,6488
6507,6507
6507,6507
8464,6507
6507,6507
6507,6507
6507,6507
107,6507
6507,6507
6507,6507
6507,6507
6519,6519
6519,6519
6519,6519
6519,6519
3517,6519
3650,6519
6519,6519
6519,6519
6519,6519
6519,6519
6521,6521
6521,6521
6521,6521
6521,6521
6521,6521
6521,6521
6521,6521
6521,6521
6521,6521
6521,6521
6548,6548
6548,6548
6548,6548
6548,6548
6548,6548
6548,6548
6548,6548
6548,6548
6548,6548
5969,6548
6598,6598
6598,6598
6598,6598
6598,6598
6598,6598
5795,6598
6598,6598
6598,6598
2467,6598
6598,6598
6752,6752
6752,6752
6752,6752
6752,6752
6752,6752
6752,6752
6752,6752
6752,6752
6752,6752
6752,6752
6820,6820
6820,6820
6820,6820
6820,6820
6820,6820
6820,6820
6820,6820
6820,6820
6820,6820
6820,6820
6850,6850
6850,6850
6850,6850
6850,6850
6850,6850
6850,6850
6850,6850
6850,6850
6850,6850
6850,6850
7184,7184
7184,7184
7184,7184
7184,7184
7184,7184
7184,7184
7184,7184
7184,7184
7184,7184
7184,7184
7219,7219
7219,7219
7219,7219
7219,7219
7219,7219
7219,7219
7219,7219
7219,7219
7219,7219
7219,7219
7229,7229
7229,7229
7229,7229
7229,7229
7229,7229
7229,7229
7229,7229
7229,7229
7229,7229
7229,7229
7235,7235
7235,7235
7235,7235
7235,7235
7235,7235
7235,7235
7235,7235
7235,7235
7235,7235
7235,7235
7330,7330
7330,7330
7330,7330
7330,7330
7330,7330
8064,7330
7330,7330
7330,7330
7330,7330
7330,7330
7723,7723
7723,7723
7723,7723
7723,7723
7723,7723
7723,7723
7723,7723
5276,7723
7723,7723
7723,7723
7786,7786
2248,7786
7786,7786
7786,7786
7786,7786
7786,7786
7786,7786
7786,7786
7786,7786
7786,7786
7858,7858
7858,7858
7858,7858
7858,7858
7858,7858
206,7858
7858,7858
7858,7858
7858,7858
7858,7858
7868,7868
7868,7868
7868,7868
7868,7868
7868,7868
7868,7868
7868,7868
7868,7868
7868,7868
7868,7868
7924,7924
7924,7924
7924,7924
7924,7924
7924,7924
7924,7924
241,7924
7924,7924
7924,7924
7924,7924
8483,8483
8483,8483
8483,8483
8483,8483
8483,8483
8483,8483
8483,8483
8483,8483
8483,8483
8483,8483
8570,8570
8570,8570
8570,8570
8570,8570
8570,8570
8570,8570
8570,8570
6741,8570
8570,8570
1346,8570
