Prediction,True Value
104,104
626,104
104,104
104,104
104,104
104,104
104,104
104,104
104,104
951,104
401,401
401,401
401,401
401,401
401,401
401,401
401,401
401,401
401,401
401,401
423,423
423,423
423,423
423,423
423,423
423,423
423,423
423,423
423,423
5922,423
486,486
1602,486
486,486
486,486
486,486
486,486
486,486
6892,486
486,486
486,486
517,517
517,517
517,517
517,517
517,517
517,517
517,517
517,517
517,517
517,517
523,523
523,523
523,523
523,523
523,523
523,523
523,523
523,523
523,523
523,523
719,719
719,719
719,719
719,719
719,719
719,719
719,719
719,719
719,719
7455,719
762,762
762,762
762,762
762,762
762,762
762,762
762,762
5885,762
762,762
762,762
779,779
779,779
779,779
779,779
779,779
5424,779
779,779
2510,779
2276,779
6035,779
953,953
953,953
953,953
953,953
953,953
953,953
953,953
953,953
953,953
953,953
1079,1079
1079,1079
1079,1079
1079,1079
1079,1079
1079,1079
7265,1079
1079,1079
1079,1079
1079,1079
1123,1123
1123,1123
1123,1123
1123,1123
1123,1123
1123,1123
1123,1123
1123,1123
1123,1123
1123,1123
1182,1182
1182,1182
1182,1182
1182,1182
1182,1182
1182,1182
1182,1182
1182,1182
5610,1182
3600,1182
1219,1219
1219,1219
1219,1219
1219,1219
2801,1219
1219,1219
1219,1219
4407,1219
1219,1219
1219,1219
1369,1369
1369,1369
1369,1369
1369,1369
1369,1369
1369,1369
1369,1369
1369,1369
1369,1369
1369,1369
1388,1388
1388,1388
63,1388
1388,1388
1388,1388
1388,1388
1388,1388
1388,1388
1388,1388
784,1388
1493,1493
1493,1493
1493,1493
1493,1493
1493,1493
1493,1493
1493,1493
1493,1493
1493,1493
1493,1493
1556,1556
1556,1556
1556,1556
1556,1556
1556,1556
1556,1556
1556,1556
1556,1556
1556,1556
1556,1556
1589,1589
1589,1589
1589,1589
1589,1589
1589,1589
1589,1589
1589,1589
1589,1589
1589,1589
1589,1589
1605,1605
1605,1605
1605,1605
1605,1605
1605,1605
5218,1605
1605,1605
1605,1605
1605,1605
4167,1605
1663,1663
1663,1663
1663,1663
1663,1663
1663,1663
1663,1663
1663,1663
1663,1663
1663,1663
1663,1663
1738,1738
1738,1738
1738,1738
1738,1738
1738,1738
1738,1738
6915,1738
1738,1738
1738,1738
1738,1738
1756,1756
1756,1756
1756,1756
1756,1756
1756,1756
1756,1756
1756,1756
1756,1756
1756,1756
1756,1756
1758,1758
1758,1758
1758,1758
1758,1758
1758,1758
1758,1758
1758,1758
1758,1758
1758,1758
6062,1758
1885,1885
1885,1885
1885,1885
1885,1885
1885,1885
1885,1885
1885,1885
1885,1885
1885,1885
1885,1885
1910,1910
1910,1910
1910,1910
1910,1910
1910,1910
1910,1910
1910,1910
6259,1910
1910,1910
1910,1910
2150,2150
2150,2150
2150,2150
2150,2150
2150,2150
2150,2150
2150,2150
2150,2150
1642,2150
2150,2150
2403,2403
2403,2403
2403,2403
2403,2403
2403,2403
2403,2403
2403,2403
2403,2403
5130,2403
2403,2403
2419,2419
2419,2419
2419,2419
2419,2419
2419,2419
2419,2419
2419,2419
2419,2419
2419,2419
2419,2419
2475,2475
2475,2475
2475,2475
2475,2475
2475,2475
2475,2475
2475,2475
2475,2475
6679,2475
2475,2475
2641,2641
2641,2641
2641,2641
2641,2641
2641,2641
2641,2641
2641,2641
2641,2641
2641,2641
2641,2641
2674,2674
2674,2674
2674,2674
2674,2674
2674,2674
2674,2674
2159,2674
2674,2674
2674,2674
2674,2674
2745,2745
2745,2745
2745,2745
2745,2745
2745,2745
2745,2745
2745,2745
2745,2745
2745,2745
2745,2745
2758,2758
2758,2758
2758,2758
2758,2758
2758,2758
2758,2758
2758,2758
2758,2758
2758,2758
2758,2758
2802,2802
2802,2802
2802,2802
7968,2802
2802,2802
2802,2802
2802,2802
2802,2802
2802,2802
2802,2802
2814,2814
2814,2814
2814,2814
2814,2814
2814,2814
2814,2814
2814,2814
2814,2814
2814,2814
2814,2814
2929,2929
2929,2929
2929,2929
2929,2929
2929,2929
2929,2929
2929,2929
2929,2929
2929,2929
2929,2929
3289,3289
3289,3289
3289,3289
3289,3289
3289,3289
3289,3289
3289,3289
3289,3289
3289,3289
3289,3289
3402,3402
3402,3402
3402,3402
3402,3402
3402,3402
3402,3402
3402,3402
3402,3402
3402,3402
3402,3402
3554,3554
3554,3554
3554,3554
3554,3554
3554,3554
3554,3554
3554,3554
3554,3554
3554,3554
3554,3554
3573,3573
3573,3573
3573,3573
3573,3573
3573,3573
1157,3573
6768,3573
4479,3573
3573,3573
3573,3573
3592,3592
3592,3592
3592,3592
3592,3592
3592,3592
3592,3592
3592,3592
3592,3592
3592,3592
3592,3592
3644,3644
3644,3644
3644,3644
3644,3644
3644,3644
3644,3644
3644,3644
3644,3644
3644,3644
3644,3644
3708,3708
3708,3708
3708,3708
3708,3708
3708,3708
3708,3708
1255,3708
3708,3708
5880,3708
3708,3708
3720,3720
3720,3720
3720,3720
3720,3720
3720,3720
3720,3720
465,3720
3720,3720
3720,3720
3720,3720
3727,3727
3727,3727
3727,3727
3727,3727
3727,3727
3727,3727
3727,3727
3727,3727
3727,3727
3727,3727
3739,3739
3739,3739
3739,3739
3739,3739
3739,3739
3739,3739
5146,3739
3739,3739
3739,3739
4113,3739
3795,3795
3795,3795
3795,3795
3795,3795
3795,3795
3795,3795
3795,3795
3795,3795
3795,3795
3795,3795
3864,3864
3864,3864
3864,3864
3864,3864
3864,3864
3864,3864
3864,3864
3864,3864
3864,3864
3864,3864
3883,3883
3883,3883
3883,3883
3883,3883
3883,3883
3883,3883
3883,3883
3883,3883
3883,3883
3883,3883
3972,3972
3972,3972
3972,3972
3972,3972
3972,3972
3972,3972
3972,3972
3972,3972
3972,3972
3972,3972
3978,3978
3978,3978
3978,3978
1640,3978
3978,3978
4435,3978
3978,3978
2133,3978
3978,3978
3978,3978
4173,4173
4173,4173
4173,4173
4173,4173
4173,4173
4173,4173
4173,4173
4173,4173
4173,4173
4173,4173
4174,4174
4174,4174
4174,4174
3032,4174
4174,4174
4174,4174
4174,4174
4598,4174
4174,4174
7402,4174
4202,4202
4202,4202
4202,4202
4202,4202
4202,4202
4202,4202
4202,4202
4202,4202
4202,4202
4202,4202
4495,4495
4495,4495
4495,4495
4495,4495
4495,4495
4495,4495
4495,4495
4495,4495
4495,4495
4495,4495
4537,4537
4537,4537
4537,4537
4537,4537
4537,4537
4537,4537
4537,4537
4537,4537
4537,4537
3394,4537
4544,4544
4544,4544
4544,4544
4544,4544
4544,4544
4544,4544
4544,4544
4544,4544
4544,4544
4544,4544
4587,4587
4587,4587
4587,4587
4587,4587
4587,4587
4587,4587
4587,4587
4587,4587
7990,4587
7990,4587
4594,4594
4594,4594
4594,4594
4594,4594
4594,4594
4594,4594
4594,4594
5555,4594
3112,4594
4594,4594
4638,4638
4638,4638
4638,4638
4638,4638
4638,4638
4638,4638
4638,4638
4638,4638
4638,4638
7238,4638
4736,4736
4736,4736
4736,4736
4736,4736
4736,4736
4736,4736
4600,4736
4736,4736
8496,4736
4736,4736
4781,4781
4781,4781
4228,4781
4781,4781
4781,4781
4781,4781
4781,4781
3756,4781
4781,4781
4781,4781
4782,4782
4782,4782
4782,4782
4782,4782
4782,4782
4782,4782
4782,4782
4782,4782
4782,4782
8093,4782
4784,4784
4784,4784
4784,4784
4784,4784
4784,4784
4784,4784
4784,4784
4784,4784
4784,4784
1009,4784
4988,4988
4988,4988
4988,4988
4988,4988
4988,4988
4988,4988
4988,4988
4988,4988
4988,4988
5996,4988
5053,5053
5053,5053
5053,5053
5053,5053
5053,5053
5053,5053
5053,5053
5053,5053
5053,5053
5053,5053
5404,5404
5404,5404
5404,5404
5404,5404
5404,5404
5404,5404
5404,5404
879,5404
5404,5404
5404,5404
5420,5420
5420,5420
5420,5420
5420,5420
5420,5420
5420,5420
5420,5420
5420,5420
5420,5420
5420,5420
5567,5567
5567,5567
5567,5567
5567,5567
5567,5567
5567,5567
5567,5567
5567,5567
5567,5567
5567,5567
5784,5784
5784,5784
5784,5784
5784,5784
5784,5784
5784,5784
5784,5784
5362,5784
5784,5784
5784,5784
5836,5836
5836,5836
5836,5836
5836,5836
5836,5836
5836,5836
5836,5836
5836,5836
5836,5836
5836,5836
5896,5896
5896,5896
5896,5896
5896,5896
5896,5896
5896,5896
5896,5896
5896,5896
5896,5896
5896,5896
6096,6096
6096,6096
6096,6096
6096,6096
6096,6096
6096,6096
6096,6096
6096,6096
3560,6096
6096,6096
6158,6158
6158,6158
6158,6158
6158,6158
6158,6158
6158,6158
6158,6158
6158,6158
6158,6158
5546,6158
6192,6192
6192,6192
6192,6192
6192,6192
6192,6192
6192,6192
6192,6192
6192,6192
6192,6192
6192,6192
6201,6201
6201,6201
6201,6201
6201,6201
6201,6201
6201,6201
6201,6201
6201,6201
6201,6201
6201,6201
6246,6246
5033,6246
6246,6246
6246,6246
6246,6246
6246,6246
6246,6246
6246,6246
6246,6246
1666,6246
6342,6342
6342,6342
6342,6342
6342,6342
6342,6342
6342,6342
6342,6342
2016,6342
6342,6342
6342,6342
6488,6488
6488,6488
6488,6488
3432,6488
6488,6488
6488,6488
6488,6488
6488,6488
6488,6488
6488,6488
6507,6507
6507,6507
6507,6507
6507,6507
6507,6507
6507,6507
6507,6507
6507,6507
6507,6507
6507,6507
6519,6519
6519,6519
6519,6519
6519,6519
6519,6519
7674,6519
6519,6519
6519,6519
6519,6519
6519,6519
6521,6521
6521,6521
6521,6521
6521,6521
6521,6521
6521,6521
6521,6521
6521,6521
6521,6521
6521,6521
6548,6548
6548,6548
6548,6548
6548,6548
6548,6548
6548,6548
6548,6548
6548,6548
6548,6548
7607,6548
6598,6598
6598,6598
6598,6598
6598,6598
6598,6598
6598,6598
6598,6598
6598,6598
4591,6598
6598,6598
6752,6752
6752,6752
6752,6752
6752,6752
6752,6752
6752,6752
6752,6752
6752,6752
6752,6752
6752,6752
6820,6820
6820,6820
6820,6820
4909,6820
6820,6820
6820,6820
3666,6820
6303,6820
6820,6820
6820,6820
6850,6850
6850,6850
6850,6850
6850,6850
6850,6850
6850,6850
6850,6850
6850,6850
6850,6850
6850,6850
7184,7184
7184,7184
5177,7184
7184,7184
7184,7184
7184,7184
7184,7184
7184,7184
7184,7184
7184,7184
7219,7219
7219,7219
7219,7219
7219,7219
7219,7219
7219,7219
7690,7219
7219,7219
7219,7219
1611,7219
7229,7229
7229,7229
7229,7229
7229,7229
7229,7229
7229,7229
7229,7229
7229,7229
7229,7229
7229,7229
7235,7235
7235,7235
7235,7235
7235,7235
7235,7235
7235,7235
7235,7235
7235,7235
7235,7235
7235,7235
7330,7330
7330,7330
7330,7330
7330,7330
7330,7330
7330,7330
7330,7330
7330,7330
7330,7330
7330,7330
7723,7723
7723,7723
7723,7723
7723,7723
7723,7723
7723,7723
7723,7723
8029,7723
7723,7723
7723,7723
7786,7786
4280,7786
7786,7786
7786,7786
7786,7786
7786,7786
7786,7786
7786,7786
7786,7786
7786,7786
7858,7858
2949,7858
7858,7858
7858,7858
2948,7858
206,7858
2759,7858
5330,7858
7858,7858
7858,7858
7868,7868
7868,7868
7868,7868
7868,7868
7868,7868
7868,7868
7868,7868
7868,7868
7868,7868
7868,7868
7924,7924
7924,7924
7924,7924
7924,7924
7924,7924
8385,7924
241,7924
7924,7924
7924,7924
7924,7924
8483,8483
8483,8483
8483,8483
8483,8483
8483,8483
8483,8483
8483,8483
8483,8483
8483,8483
8483,8483
8570,8570
8570,8570
8570,8570
8570,8570
8570,8570
8570,8570
8570,8570
8570,8570
8570,8570
8570,8570
